member_id,pool_id,age,gender,zone,available,relationship_goal,relationship_pace,lifestyle,conversations,emotional_availability,space_for_relationship,relocate
syn_4d82c616c12ba2e70ddce92c2cb31a1d,public_05,33,woman,zone_a,True,long_term,slow,mixed,playful,ready,moderate,yes
syn_e4fef32cad521b8353e4ea2998891934,public_05,21,man,zone_b,True,,,,,,,
syn_0cf9e38720b54f715da4f4930ee5b602,public_05,29,non_binary,zone_a,False,long_term,quick,mixed,practical,taking_time,ample,unsure
syn_d972a517765f7d71a85724b9e4c75331,public_05,33,non_binary,zone_a,True,,,,,,,
syn_b9dbac8a24901a6bdaf8cc2a7b6a2f20,public_05,25,man,zone_c,True,,,,,taking_time,,
syn_b6369e410635234f5beb89e67f56ad47,public_05,23,woman,zone_a,True,,,,,,,
syn_2f057a3c05913d701d608a8b13727219,public_05,31,man,zone_a,True,,,quiet,,,limited,
syn_978d84b73395722ff8cbcc276f0c8b33,public_05,42,non_binary,zone_a,True,,,,practical,,,
syn_9b67b3d6b3dda13686dfab9594a9106a,public_05,21,woman,zone_a,False,,,,,,,
syn_763cc0d6b5feee5882701909f33a0777,public_05,33,man,zone_b,True,long_term,steady,mixed,ideas,taking_time,ample,yes
syn_c30e399527bda9686461c7308d279fc8,public_05,30,man,zone_a,True,,,,,,,
syn_ed73a5ffcde32d3d29c33a9428f04344,public_05,40,man,zone_a,False,long_term,quick,quiet,practical,taking_time,moderate,unsure
syn_75273d30606bde7fe1c8835426415983,public_05,43,non_binary,zone_a,False,long_term,slow,quiet,ideas,taking_time,moderate,yes
syn_4f070b9e8e1937e0c4f475679f709212,public_05,26,woman,zone_b,False,exploring,quick,quiet,practical,taking_time,moderate,yes
syn_9d4b22a3509e9628bf2eb72642ff8fca,public_05,35,woman,zone_a,True,,,,,,ample,
syn_ccf2ffc5c3c46880ac055917f6db70d1,public_05,25,man,zone_a,False,,,,,,,
syn_2455179885e7a5cdd0d701736adad366,public_05,23,man,zone_c,False,long_term,quick,mixed,ideas,ready,ample,yes
syn_82fa9ce95c07be36c2ebb50140ceec2c,public_05,27,woman,zone_d,True,,,,,,,
syn_7e7c08f5de524098ea26553b935aa9fd,public_05,35,man,zone_a,True,,,,,,,
syn_32431bcfe5fcb7cce07e8b444d497c9c,public_05,23,man,zone_a,True,,,,,taking_time,,
syn_d737c28d6653eeba0c3592b0f7d771b6,public_05,40,non_binary,zone_a,False,long_term,slow,social,playful,ready,ample,no
syn_955a8bdca2d80121eeda9df1c5b47f0d,public_05,25,non_binary,zone_a,True,exploring,,,,,,
syn_02cf44216af1e2c79c5a3a73414a9a37,public_05,23,woman,zone_c,True,,,,,,,
syn_dc0858337c792155030cc8fbec54eec3,public_05,32,man,zone_b,True,,quick,,,,limited,
syn_b093803435347802d9c3175e27e2866e,public_05,27,woman,zone_b,True,long_term,quick,mixed,stories,ready,moderate,yes
syn_4264d383fb0631d5cff145422fa69c80,public_05,45,non_binary,zone_b,True,,,,,,,
syn_4a7b247271af5287477fd12588891a87,public_05,31,man,zone_a,False,,,,,,,no
syn_6c15a3ffcb3a9343f7707b57424043c8,public_05,25,woman,zone_a,True,,,,,,,
syn_cc7c67b7f4a721e77c698b07c7d1c118,public_05,42,man,zone_c,True,,,quiet,,,,
syn_afdaa75baf08ca510d1c9d73a1ee0983,public_05,30,man,zone_b,False,,,,,,,
syn_3629e30d62cfc4882e782ef72b076973,public_05,39,woman,zone_a,False,long_term,steady,quiet,stories,taking_time,moderate,no
syn_c6bb9b0b7fc676c3f6005dcf8489ce2f,public_05,21,woman,zone_a,True,,,,,,,
syn_6b7eb0df5039395a52a881574eeade11,public_05,40,woman,zone_a,False,exploring,slow,social,ideas,ready,limited,no
syn_daae70040111edbb049035d2a01a3d36,public_05,32,woman,zone_a,False,exploring,slow,mixed,practical,taking_time,ample,yes
syn_3788539c7c8062cd932e2b427024d8ea,public_05,21,non_binary,zone_a,True,,,,,,,
syn_3dffb55ed3520520027fdc4a915ed11f,public_05,28,woman,zone_a,False,exploring,quick,quiet,practical,taking_time,limited,unsure
syn_ddffc7d6a417e25916ed2eab0982b3c8,public_05,36,man,zone_c,True,,steady,quiet,,,,
syn_3c2d2201a371a0b9864283944d5cd36f,public_05,43,woman,zone_b,False,,,,,taking_time,,
syn_0766aba8ddd61a47df3dbb63375de874,public_05,43,man,zone_a,True,long_term,,,,,,
syn_054fd48deb87612dd7394511d3ca0e4c,public_05,27,woman,zone_a,True,,,,,,,
syn_ac039c8f01ab45ccabebd9c693b3f163,public_05,21,woman,zone_c,False,long_term,slow,quiet,practical,taking_time,moderate,yes
syn_67b0f6eb14762eb08d8efed7fa00de7a,public_05,37,woman,zone_a,True,long_term,quick,social,practical,taking_time,ample,unsure
syn_07083c28679f7103d6264390028364a4,public_05,40,man,zone_a,True,,,,,,,
syn_e00e10705d734ac68710874d558dc113,public_05,36,man,zone_a,False,long_term,slow,mixed,practical,ready,ample,unsure
syn_7eee6a7a0275f890ef8c6385bb0ca86e,public_05,28,man,zone_a,False,exploring,quick,mixed,practical,taking_time,moderate,yes
syn_f52d998f7b3adeed3355e5e1ddd5221d,public_05,32,woman,zone_a,False,exploring,steady,social,stories,taking_time,ample,yes
syn_23170a23564440a1d4402bade96fbeaa,public_05,39,woman,zone_c,True,exploring,steady,mixed,stories,ready,limited,unsure
syn_1a481969a88df7b56a6cace6a02f1ba8,public_05,24,woman,zone_b,True,,,,,,,
syn_802a9661e4dec844ab469c5ddf306a3b,public_05,41,man,zone_c,True,,,,,,,
syn_59ff3e1be8b80799f03c9a0adcc9a8f7,public_05,32,woman,zone_a,False,,slow,,,,,unsure
syn_7573951c8db89de2ea2181a4bc076eac,public_05,30,woman,zone_a,True,,,,,,,
syn_67f1cd2c6b5d5649500a58a76921d072,public_05,32,woman,zone_a,True,,,,playful,,,
syn_cdc819332566fb20af1b8c0ad44e902d,public_05,21,man,zone_b,True,,,social,,,,
syn_4da096510159e7ed67bcea8df1fd9276,public_05,37,man,zone_a,True,exploring,steady,social,stories,taking_time,ample,no
syn_36b3b69ccaea82d40d69f92264d42798,public_05,44,woman,zone_b,True,,,,,,,
syn_5863c08fc3f248b07a841a4d6511e6fc,public_05,40,man,zone_a,True,,,,,,,
syn_3ff803cc4309f41eb7e9181d17112507,public_05,25,man,zone_a,True,,,,,,,
syn_84327dacf63af38987f23e5366b67a39,public_05,39,woman,zone_a,True,,,,,,,
syn_6c730c5a5781af7f9e2b80ea146f1771,public_05,21,man,zone_a,True,long_term,slow,quiet,ideas,taking_time,moderate,unsure
syn_04e14bb2ba3ef2f338b787a065feb029,public_05,26,woman,zone_a,False,,,,,,,
syn_ae494b453b2b66f7bbd82e220000b1f3,public_05,43,non_binary,zone_a,True,,,,,,,
syn_ddaffd2702a325c0558038db0f273c41,public_05,27,man,zone_b,True,,,,,,,
syn_590a56783612729510c25839298559af,public_05,27,man,zone_b,False,long_term,quick,social,stories,ready,limited,unsure
syn_5c803391b28b1117467777a0829a576d,public_05,25,man,zone_a,False,exploring,steady,social,ideas,taking_time,limited,no
syn_f240b85afa436bd03fb4de411591df18,public_05,21,man,zone_d,True,exploring,slow,social,ideas,taking_time,moderate,yes
syn_e29b5b1f70a68f0adc7b0335b4933968,public_05,35,woman,zone_c,False,,,,,taking_time,,
syn_f8eb160de9f82987145dcf9bd6c14111,public_05,30,woman,zone_a,True,exploring,steady,mixed,stories,taking_time,ample,no
syn_2a8e12106c6bfd16aa7d0d3c6da4368c,public_05,34,non_binary,zone_a,True,,,,,,,
syn_6cb3a1a2d28cb724e85391c8b33a2474,public_05,37,woman,zone_c,True,,,,,,,
syn_c9b1dedf88c66fe6a90185cc088852a1,public_05,44,non_binary,zone_b,True,,,,,,,
syn_6efe7a1f547d3314395b95ea2c5640e8,public_05,21,man,zone_a,False,exploring,slow,social,ideas,taking_time,ample,no
syn_06a496ac28346f4f90dc9e0c23ba0496,public_05,27,woman,zone_c,True,,,,,,,
syn_af5cc9d6c3bfbccd83cca5cdea67ce0e,public_05,36,man,zone_b,True,long_term,,,,,,
syn_ab49c05b1330134e564b57c260479f91,public_05,34,woman,zone_a,True,,,,,,,
syn_6dfa6319d5843197875fd20f90b4f507,public_05,41,man,zone_a,True,,,,practical,ready,,
syn_7a82ffc35c0432bd4e3f7f4241e03acd,public_05,31,man,zone_a,True,,,,,,,
syn_157edf54df236ac31689f77dc50f5ff1,public_05,26,man,zone_a,False,exploring,steady,social,practical,taking_time,limited,no
syn_841449c5ffad42316e8555e53d6ee113,public_05,22,woman,zone_a,True,exploring,slow,mixed,practical,taking_time,ample,no
syn_190795bfee98a70d200c23dfda99612e,public_05,44,woman,zone_b,True,,,social,,,limited,
syn_d79de6042e70b95fe2e49ff4a3c97750,public_05,44,woman,zone_a,True,,,,,,,
syn_d28061e75589e2ff0d7526ffe3542260,public_05,24,woman,zone_c,True,,,,,ready,,
syn_7744f96c17d970a135531692e7b1a8ce,public_05,21,man,zone_a,True,exploring,quick,quiet,ideas,taking_time,moderate,unsure
syn_bb7b6073c8216ea13025eadbfeb27f2c,public_05,42,man,zone_b,True,,,social,,,,
syn_a1d95c878877dda46e39bdf3bb99e9de,public_05,43,woman,zone_a,True,,,,practical,,,
syn_d1ce45f75d93596c81ae980e72fec48f,public_05,35,woman,zone_a,False,exploring,quick,social,stories,taking_time,moderate,yes
syn_ba5a6e52064350f93fdc195ad7412c31,public_05,32,non_binary,zone_a,True,,,,practical,ready,,
syn_4a30986e184de09da4d488e6dc42ec50,public_05,35,woman,zone_a,True,exploring,quick,social,playful,taking_time,moderate,yes
syn_b30ea3f02d38b8923b5460bfef0e7833,public_05,40,non_binary,zone_a,True,exploring,steady,mixed,practical,taking_time,limited,unsure
syn_43670244b5bb911d05e910c4e030edcf,public_05,22,man,zone_b,False,,,,playful,,,
syn_7e2ebd1369674b173056ff24459bc0da,public_05,22,man,zone_a,True,,,,,,,
syn_787ad7acef13f3b493a020f929c70389,public_05,46,man,zone_a,False,long_term,quick,quiet,stories,ready,moderate,unsure
syn_b9c2cd0590a5e5bf61c7c24e1a2318df,public_05,28,woman,zone_b,True,exploring,slow,social,stories,taking_time,ample,yes
syn_4f2dafbc8751f88ee6612538e2e0ca0d,public_05,25,man,zone_c,True,,steady,,,,,
syn_6386031efeb54abdfa96637beb180642,public_05,30,woman,zone_a,False,long_term,quick,quiet,ideas,ready,limited,no
syn_52496f7b4b213a4470acc06072937b50,public_05,39,man,zone_d,True,,,,,,,
syn_d14e8e3bc349a408cacb453a7abffef8,public_05,37,man,zone_a,False,long_term,slow,quiet,practical,ready,limited,no
syn_4a20fe000b050b1f78e4337959fe7ff3,public_05,34,man,zone_b,True,exploring,steady,mixed,practical,taking_time,ample,no
syn_1ab52096a2599eef55733d91101816d8,public_05,38,woman,zone_d,True,,,,,ready,moderate,
syn_1c596186018460f2fdedf8f2afc0f2d6,public_05,30,man,zone_a,False,exploring,steady,mixed,ideas,taking_time,moderate,yes
syn_9fb3c613a617b17a29a795544a56781a,public_05,28,man,zone_a,True,,,quiet,,,,
syn_0e10d543d7c883b4d5fe21bb13c7d538,public_05,46,woman,zone_b,True,exploring,quick,mixed,ideas,ready,limited,unsure
syn_dcb09e984e5539c712ed95a93ddac588,public_05,23,man,zone_a,True,,,,,,,
syn_d761b7032f9134ed65d6f7e231eea094,public_05,40,man,zone_a,True,,,,,taking_time,,
syn_a21dac98e81bdeef51810ffd59e9c10c,public_05,40,woman,zone_a,True,exploring,quick,quiet,practical,ready,moderate,yes
syn_e51b480ec2fcce67eb098546a918dce4,public_05,41,woman,zone_a,True,,,,,,,
syn_061c22f2a1663ca7819876a7005398da,public_05,46,woman,zone_b,True,long_term,,,ideas,,,
syn_57075763fca69b7e34ab38ec4ef39c2c,public_05,34,woman,zone_a,False,,,,stories,,,
syn_244e1b26eaeb6e0a75a82c14c28d7592,public_05,22,man,zone_a,True,,,,,,,
syn_5e078aca27ddafc9705fd96e65a05670,public_05,45,woman,zone_a,False,,,,,,,
syn_3fc8852271d444f92807c672bcf3cbc6,public_05,31,man,zone_b,True,,,,,,limited,
syn_bcb4cd3462c6c653b18dbb6457218610,public_05,24,woman,zone_a,True,long_term,quick,social,playful,taking_time,moderate,no
syn_b072fc2d0f0700b3b89b0406d270ffa6,public_05,22,woman,zone_b,True,,steady,,,,,
syn_5aada45e2fd45e7bcaece432b6e82445,public_05,34,woman,zone_b,True,,,,,,limited,unsure
syn_8d5790972d43a353eb3b88c9438fda87,public_05,22,man,zone_b,True,,,,,,,
syn_a799c85755c403dbcb0fff1d232470ba,public_05,23,non_binary,zone_c,True,long_term,steady,quiet,playful,ready,moderate,yes
syn_0e49cd1aa9db30cb54a0f73e08c7d690,public_05,37,woman,zone_b,True,long_term,,,,,ample,
syn_20015b9f913e9730ed42ef967dc1d64e,public_05,38,non_binary,zone_c,True,,,,practical,,,
syn_12cb9eb179cd7526b1a1c5665fbc3d49,public_05,21,woman,zone_a,False,exploring,slow,social,stories,ready,limited,no
syn_9b1639c7077b8d46da5a9cfd4b905450,public_05,40,man,zone_a,True,exploring,slow,quiet,stories,ready,limited,unsure
syn_e4fa32ba2be23d4aa4199b4515992b51,public_05,42,man,zone_b,True,,,,,,,
syn_d29a6278d743d319fb1a21038c35e709,public_05,45,woman,zone_a,True,exploring,slow,quiet,playful,ready,ample,no
syn_ea8329bfa41c9122f997b0665abb1eef,public_05,42,man,zone_b,True,exploring,quick,mixed,practical,ready,limited,yes
syn_33a874246d1c42f461268e0b51ba3a46,public_05,41,man,zone_a,True,,,,,,,
syn_15fab56ae17aaa80819945470ce4ae6b,public_05,36,man,zone_d,True,long_term,slow,social,stories,ready,ample,yes
syn_491d2caa03074de80577fcadbbb7619c,public_05,31,man,zone_a,True,long_term,slow,quiet,playful,taking_time,moderate,unsure
syn_4e4f8a89ffdf53a7a00e056676176947,public_05,25,woman,zone_b,True,,,,,,,
syn_8c121bc9f96109b6f1c9ea42561f5822,public_05,27,man,zone_b,True,,,,,,,
syn_85f03f87b222e44daa51ab7a6180a914,public_05,35,man,zone_b,True,,,,stories,,,
syn_7922fb0452da1d8695d6db5d04792f6e,public_05,21,woman,zone_a,True,,,,,,,
syn_a6346867188be48c086974c8aa3d5967,public_05,35,man,zone_a,False,,,,,,limited,
syn_7e4f49ce22a2dc79ca61ba0bc89f0f82,public_05,34,woman,zone_c,True,exploring,steady,quiet,ideas,taking_time,moderate,unsure
syn_8764c010aa61f8a9ccfb46ff1fa0b580,public_05,32,woman,zone_b,False,,,,ideas,,,
syn_726b7c8ef6aa864e6a4eb70627ee3621,public_05,21,man,zone_a,True,,,,stories,,,
syn_18f7e35ae85cc3edebfa8a1d77eaddab,public_05,27,man,zone_a,False,exploring,steady,social,ideas,ready,limited,yes
syn_4687a28a79af9d8525305f458b2ec26d,public_05,46,woman,zone_a,True,exploring,slow,mixed,ideas,ready,moderate,unsure
syn_8496ad3d21cd3ab52ee03283d650c444,public_05,23,woman,zone_b,True,long_term,,,,,,
syn_25d6dede2104945026e869f814c9504b,public_05,36,woman,zone_a,True,,,,,,,
syn_221878d393f071a58d95cb551a7526b0,public_05,27,woman,zone_b,True,exploring,slow,quiet,practical,taking_time,ample,yes
syn_5d3f0c4b3e05fa6c29ebd7bf84f2c597,public_05,43,man,zone_a,True,long_term,slow,social,playful,ready,ample,yes
syn_60a5c16ae8704e14d565a0f7b54dd591,public_05,46,man,zone_a,True,,,,,,,
syn_a624629294f6a7e9435457352ce33a91,public_05,21,woman,zone_a,True,,,,ideas,,,
syn_cedbd60a990e5fe8216dbc348dbb1a85,public_05,38,man,zone_a,True,,,,,,,
syn_332eee9515e9c92bd04cc01bbf6c5aaf,public_05,26,woman,zone_b,True,exploring,steady,mixed,playful,ready,moderate,yes
syn_364616624d22c79ac208fc153996feb4,public_05,25,man,zone_a,True,,,,,,,
syn_5bc5e92f5a1770f1137744c21d198ff0,public_05,34,man,zone_b,True,,,quiet,playful,,,
syn_e33f3929bc7647b9ba0708a572c597e3,public_05,21,non_binary,zone_a,True,,,,,,,
syn_db312ab6c0a68a9e3f8205fb47155607,public_05,30,man,zone_a,True,long_term,quick,quiet,practical,taking_time,moderate,yes
syn_3ed60798810b79d57f94d1a163f0932f,public_05,22,man,zone_a,True,,quick,,,,,yes
syn_128c659d3b1b14361c11eb80703113cb,public_05,35,man,zone_c,True,long_term,quick,,,,,
syn_f4e3fea350c41d9fc32113e171b8069c,public_05,41,man,zone_b,True,,,,,,,
syn_ebe1327c2c0d34ff395465a7592ce880,public_05,37,non_binary,zone_b,True,long_term,,,,,,
syn_1cb9225c5597b98981901d521d615c43,public_05,21,man,zone_c,True,,,,,,,
syn_eada6f0a34c5cf0b2f06296178a0c151,public_05,43,woman,zone_a,True,exploring,steady,quiet,practical,taking_time,limited,yes
syn_c5c234be2d2b17c85df8a1f1080fca59,public_05,44,non_binary,zone_a,False,long_term,steady,mixed,playful,ready,limited,yes
syn_4fb214022b5b807fbdbb02ac000383af,public_05,41,man,zone_a,True,,,,,,moderate,no
syn_0c8744e4024204f6c04a07e714258d47,public_05,23,woman,zone_a,False,long_term,quick,mixed,playful,taking_time,ample,unsure
syn_955c1dc919b85ebe9dab25c3cb03cc28,public_05,44,woman,zone_a,True,exploring,,,,,,
syn_9e818592dff25be84dfecb7764c6c785,public_05,36,man,zone_b,True,,,,,,,
syn_a242f7d8327c808790c0d4811d284b0f,public_05,38,man,zone_a,True,exploring,steady,quiet,practical,taking_time,limited,yes
syn_7ae803ded429acbd44d8e5bb1269c4be,public_05,46,woman,zone_c,True,,,,practical,,,
syn_43142e7893095805ce58fe91b3c1b589,public_05,34,man,zone_a,True,,,quiet,,,,
syn_1eb72e4eb264c7bafa61862923f8ad8f,public_05,44,non_binary,zone_b,True,exploring,steady,quiet,playful,ready,limited,yes
syn_d01ad0eb624507f7e0acfcf4b966fd87,public_05,39,woman,zone_a,True,,,,playful,,,
syn_5d29bf4965fd1b1a436fb2e1f74e1305,public_05,46,woman,zone_b,True,,,,,,,
syn_da2080dae924856e3489933dbd919f65,public_05,37,woman,zone_a,False,long_term,steady,social,stories,taking_time,ample,unsure
syn_96719852458841e93c6f2b1185738e89,public_05,23,man,zone_a,True,,,mixed,,ready,,
syn_919cfceaa6d9da68ff80e54bea0d3919,public_05,45,woman,zone_b,True,,,,,,,
syn_5bebeccf17480908bbd31f4c4aac6692,public_05,45,man,zone_b,True,,,,,,,
syn_21b698c1e3f90d1bd65d6ad2d9ef441f,public_05,35,man,zone_d,True,,,mixed,,,,
syn_9783d190677a0c555c717c760d1c92c7,public_05,43,man,zone_a,False,long_term,slow,mixed,stories,ready,ample,no
syn_e9f6b26036f922e1dc8f657dd3671afe,public_05,40,non_binary,zone_b,True,long_term,,,,taking_time,,
syn_578b39a83f01b0166432cb202fd75c89,public_05,41,man,zone_a,True,exploring,quick,mixed,ideas,taking_time,limited,yes
syn_ecf32b641332b65d333f47c3978a17c0,public_05,29,woman,zone_a,False,,,,,,,
syn_cc0b59ddd5b4a4303222062798f5833e,public_05,31,man,zone_a,True,,,,ideas,,,
syn_b3830f7ea43bc22b423b3e7f3ac3464d,public_05,41,woman,zone_a,True,,,,,,,
syn_e281f8859b0cd83692f377744a27d89d,public_05,27,woman,zone_c,True,exploring,,,,,,
syn_1fc3e9684402019760bcc3042af2a81f,public_05,43,man,zone_b,True,,,,,,,yes
syn_ac7daacb1112657649da5703f2491fb8,public_05,43,woman,zone_b,True,,,,,,,
syn_8a5b3f43519670f510f41877fe956125,public_05,34,woman,zone_a,True,,,,,,,
syn_63cfd88b7a8214239fa0cb2b84e40d46,public_05,27,man,zone_c,True,long_term,,,,,,
syn_ea1d2fca4324fb4bd34845e562dc19ed,public_05,42,non_binary,zone_a,True,exploring,,,,,,
syn_6b88d248294608aa27175c604b65f71a,public_05,33,woman,zone_a,False,long_term,,social,,,,
syn_3874834f8c41d2239a31fdac33f50e4a,public_05,34,man,zone_a,True,,,,,,,
syn_e1727ffa02d837e496beb4e5f61f75e2,public_05,44,man,zone_a,True,,,,,,,
syn_8f15f01517ad9b1f664750c54ede74a8,public_05,31,man,zone_a,True,,,,,,,
syn_6caf89d774a31ea42360843931b34295,public_05,34,woman,zone_a,True,,,,,,,
syn_e7313d20148b0ae24b283f75f679a9eb,public_05,43,woman,zone_a,True,long_term,steady,social,ideas,ready,ample,no
syn_b10bb6e023100c76a6e40692f904e30f,public_05,36,woman,zone_a,True,,,,stories,,,
syn_18f948424eec53d257c5c8d8112eb9d1,public_05,45,woman,zone_b,True,,,,,,,
syn_e6b57e07ceafd25bccb206402eb52056,public_05,35,woman,zone_a,True,,,,ideas,taking_time,,
syn_99546a3d5e1bc9cdce7538e9d86856ec,public_05,38,man,zone_c,False,,,mixed,,,ample,
syn_a219cba0f701c38b753e78119a4da676,public_05,42,woman,zone_a,True,,,,,,,
syn_5a74933cfb6de83899d29a50df196891,public_05,37,woman,zone_a,False,,,,,,,
syn_0cc07e96f676a5d559cbc5e653e33702,public_05,45,man,zone_a,True,exploring,quick,quiet,practical,ready,moderate,unsure
syn_7eb690e09fe84b65dc6054bf5e4869ba,public_05,33,man,zone_c,True,,,,ideas,,,
syn_f6dd627d1108f9a47392d79f0b9097f5,public_05,46,woman,zone_a,True,long_term,quick,quiet,playful,ready,moderate,unsure
syn_ddb510ae9fbcb6b7cc548470aa17e546,public_05,26,woman,zone_b,False,,,,,,,
syn_237249b8b5232cecb83d9c594987450c,public_05,22,man,zone_c,True,long_term,slow,mixed,playful,taking_time,limited,unsure
syn_d3e2d8f77d4d02c0acbb83cb17567a95,public_05,39,woman,zone_a,True,,,,,,,
syn_277550b5faab54acac003db56a86e039,public_05,46,man,zone_c,True,,,,,,,
